Dress_ID,Style,Price,Rating,Size,Season,NeckLine,SleeveLength,waiseline,Material,FabricType,Decoration,Pattern Type,Recommendation,Purchase_Date
1006032852,Sexy,Low,4.6,M,Summer,o-neck,sleevless,empire,,chiffon,ruffles,animal,1,2025-04-13
1212192089,Casual,Low,0.0,L,Summer,o-neck,Petal,natural,microfiber,,ruffles,animal,0,2025-12-15
1190380701,vintage,High,0.0,L,Automn,o-neck,full,natural,polyster,,,print,0,2025-09-28
966005983,Brief,Average,4.6,L,Spring,o-neck,full,natural,silk,chiffon,embroidary,print,1,2025-04-17
876339541,cute,Low,4.5,M,Summer,o-neck,butterfly,natural,chiffonfabric,chiffon,bow,dot,0,2025-03-13
1068332458,bohemian,Low,0.0,M,Summer,v-neck,sleevless,empire,,,,print,0,2025-07-08
1220707172,Casual,Average,0.0,XL,Summer,o-neck,full,,cotton,,,solid,0,2025-01-21
1219677488,Novelty,Average,0.0,free,Automn,o-neck,short,natural,polyster,broadcloth,lace,,0,2025-04-13
1113094204,Flare,Average,0.0,free,Spring,v-neck,short,empire,cotton,broadcloth,beading,solid,1,2025-05-02
985292672,bohemian,Low,0.0,free,Summer,v-neck,sleevless,natural,nylon,chiffon,,,1,2025-08-03
1117293701,party,Average,5.0,free,Summer,o-neck,full,natural,polyster,broadcloth,lace,solid,0,2025-11-27
898481530,Flare,Average,0.0,free,Spring,v-neck,short,,nylon,,,animal,0,2025-03-29
957723897,sexy,Low,4.7,M,Winter,o-neck,threequarter,,,chiffon,lace,print,1,2025-04-10
749031896,vintage,Average,4.8,M,Summer,o-neck,short,empire,cotton,jersey,,animal,1,2025-12-26
1055411544,Casual,Low,5.0,M,Summer,boat-neck,short,,cotton,,sashes,solid,0,2025-06-01
1162628131,Casual,Low,0.0,free,Winter,boat-neck,full,,other,other,lace,,0,2025-05-11
624314841,cute,Average,4.7,L,spring,o-neck,short,,cotton,,sashes,solid,1,2025-05-30
830467746,bohemian,Medium,5.0,free,Automn,o-neck,full,natural,,,hollowout,patchwork,1,2025-11-05
840857118,Brief,Average,0.0,M,Winter,peterpan-collor,threequarter,natural,cotton,,,patchwork,0,2025-09-15
1113221101,Sexy,Average,5.0,M,Automn,o-neck,sleevless,empire,milksilk,,,,1,2025-12-10
861754372,Sexy,Average,4.5,L,Automn,o-neck,full,,cotton,,beading,solid,0,2025-10-21
856178100,Casual,Low,4.3,M,Summer,o-neck,sleevless,natural,,chiffon,,solid,0,2025-07-11
1122989777,Brief,Low,4.0,XL,Summer,v-neck,short,natural,cotton,,pockets,solid,0,2025-10-04
840516484,Sexy,Average,4.7,S,Summer,v-neck,sleevless,empire,cotton,,sequined,solid,1,2025-06-10
768517084,Sexy,Average,0.0,free,Automn,v-neck,sleevless,natural,polyster,,lace,patchwork,0,2025-11-10
1139843344,Sexy,Average,0.0,M,Automn,o-neck,sleevless,empire,cotton,broadcloth,,print,0,2025-01-22
1004212992,Sexy,Average,4.7,M,Spring,o-neck,sleevless,natural,,,,solid,1,2025-09-10
1235426503,Casual,Low,0.0,L,Summer,o-neck,sleevless,natural,cotton,jersey,,print,0,2025-08-24
942808364,cute,Low,4.3,free,Automn,o-neck,sleevless,natural,polyster,chiffon,sashes,striped,0,2025-12-11
629131530,cute,Low,4.7,M,Spring,ruffled,short,empire,chiffonfabric,chiffon,bow,dot,1,2025-02-18
851945460,Casual,Average,4.6,L,Automn,o-neck,sleevless,empire,polyster,chiffon,ruffles,solid,0,2025-02-28
1150275464,Casual,Low,0.0,M,Spring,o-neck,sleevless,natural,silk,chiffon,applique,solid,1,2025-06-19
1026634314,Casual,Average,4.4,L,Automn,o-neck,sleevless,natural,linen,chiffon,ruffles,animal,0,2025-07-07
978773911,Brief,Average,4.3,L,Spring,o-neck,sleevless,empire,,,bow,solid,1,2025-09-28
827791337,party,High,4.7,M,Spring,o-neck,threequarter,,,,,print,0,2025-07-09
640823350,Casual,Low,4.6,free,Winter,boat-neck,full,natural,cotton,,,patchwork,1,2025-06-24
801861988,vintage,Average,4.6,free,Winter,o-neck,full,natural,,chiffon,,print,1,2025-02-20
1060207186,Brief,Average,0.0,M,Automn,o-neck,short,natural,cotton,,,print,0,2025-12-30
1054679816,party,Average,4.6,M,Winter,o-neck,sleevless,natural,cotton,,lace,solid,1,2025-02-24
941190190,Casual,Average,4.5,M,Spring,v-neck,short,empire,cotton,,button,solid,1,2025-09-01
943844640,Brief,Average,5.0,free,Spring,v-neck,sleevless,natural,cotton,broadcloth,lace,solid,1,2025-11-16
661795386,Brief,Low,4.4,L,Automn,o-neck,halfsleeve,natural,rayon,chiffon,sashes,solid,0,2025-05-11
875312593,Casual,Average,4.8,M,Winter,o-neck,short,natural,lycra,broadcloth,applique,patchwork,0,2025-11-03
971387676,Casual,Low,4.8,free,Spring,o-neck,sleevless,natural,cotton,,,print,0,2025-05-15
1021185637,vintage,Average,4.8,M,Winter,o-neck,sleevless,natural,cotton,,,patchwork,1,2025-01-21
1163826114,Sexy,Average,0.0,M,Winter,o-neck,short,natural,,,lace,solid,0,2025-11-25
735635595,Sexy,Average,4.8,L,Spring,v-neck,threequarter,empire,polyster,,lace,geometric,0,2025-06-16
1175184188,Casual,Average,0.0,M,Summer,o-neck,halfsleeve,natural,cotton,chiffon,ruffles,dot,1,2025-10-01
679415939,Casual,Low,4.7,M,Summer,o-neck,sleevless,empire,milksilk,,,solid,0,2025-03-30
884147971,Casual,Medium,0.0,L,Winter,boat-neck,full,empire,,,,solid,1,2025-11-12
841203385,Sexy,Low,5.0,free,Summer,v-neck,sleevless,empire,,chiffon,,animal,1,2025-01-14
1117997056,Casual,Low,4.3,free,Summer,o-neck,sleevless,,milksilk,,,animal,0,2025-08-30
1160536550,Casual,Average,0.0,L,Spring,o-neck,halfsleeve,natural,polyster,chiffon,hollowout,solid,1,2025-09-22
828623528,Casual,Average,4.6,free,Automn,o-neck,sleevless,natural,polyster,chiffon,sashes,solid,1,2025-12-12
763708514,sexy,Average,4.5,M,Spring,o-neck,threequarter,natural,polyster,,lace,geometric,0,2025-02-22
1153442065,Novelty,Average,0.0,S,Winter,turndowncollor,full,natural,cotton,,,patchwork,0,2025-12-06
743729613,Casual,Average,4.9,S,Winter,turndowncollor,full,natural,cotton,,,solid,1,2025-04-02
1000493051,sexy,Low,4.6,L,Automn,o-neck,sleevless,natural,,,lace,solid,1,2025-09-21
911085061,bohemian,Low,4.5,M,Summer,v-neck,sleevless,natural,polyster,,,print,1,2025-02-04
1174854264,work,Average,0.0,M,Automn,slash-neck,sleevless,natural,polyster,,bow,patchwork,0,2025-07-25
1053296757,cute,High,0.0,M,Spring,v-neck,full,natural,rayon,,,solid,1,2025-03-22
1033843327,Casual,Average,0.0,free,Spring,o-neck,short,natural,cotton,,hollowout,plaid,0,2025-02-19
1083779666,Casual,Average,5.0,M,Summer,o-neck,short,empire,polyster,chiffon,,animal,0,2025-12-26
746255172,Casual,Average,4.7,M,spring,o-neck,sleevless,natural,,chiffon,sashes,solid,0,2025-01-02
1100974555,Sexy,Low,4.0,S,Automn,o-neck,sleevless,empire,cotton,,,solid,1,2025-02-23
1019134411,Casual,Average,5.0,M,Automn,v-neck,short,natural,cotton,broadcloth,beading,solid,0,2025-04-16
1072477320,Casual,Low,0.0,free,Summer,v-neck,halfsleeve,natural,silk,broadcloth,applique,solid,0,2025-09-17
638423913,Casual,Medium,4.5,S,Winter,o-neck,full,natural,polyster,,,patchwork,1,2025-11-06
936425780,work,Average,4.8,L,Summer,v-neck,short,natural,polyster,,hollowout,solid,0,2025-07-10
1146088956,Casual,Medium,0.0,M,Automn,v-neck,short,empire,polyster,,,solid,0,2025-08-06
864253055,bohemian,Average,5.0,free,Summer,v-neck,sleevless,natural,cotton,batik,,print,1,2025-02-13
1210582154,sexy,Low,0.0,M,Spring,v-neck,short,natural,polyster,satin,ruffles,solid,1,2025-06-11
926480831,Sexy,Average,4.2,M,Winter,v-neck,sleevless,natural,cotton,flannael,,solid,0,2025-07-21
757260823,Casual,Low,4.8,free,Spring,o-neck,full,natural,cotton,worsted,lace,solid,0,2025-09-27
630561922,Casual,Low,4.4,S,Automn,o-neck,sleevless,natural,polyster,,,solid,0,2025-12-17
734061929,Casual,Low,4.7,L,Spring,o-neck,short,,chiffonfabric,chiffon,bow,dot,0,2025-10-31
842060995,Casual,Average,5.0,XL,Winter,boat-neck,full,,cotton,,,geometric,1,2025-09-28
1078431253,Casual,Low,0.0,free,Spring,v-neck,sleevless,,cotton,,,print,0,2025-08-03
939770391,Casual,Average,0.0,free,Spring,o-neck,sleevless,natural,,chiffon,,solid,0,2025-09-09
943188872,bohemian,very-high,4.7,free,Winter,v-neck,sleevless,,polyster,,,,1,2025-07-09
1130994272,Casual,Low,5.0,M,Summer,v-neck,sleevless,empire,polyster,chiffon,ruffles,animal,0,2025-10-23
907117649,party,Average,4.7,M,Spring,v-neck,sleevless,natural,polyster,chiffon,hollowout,solid,0,2025-08-01
967999477,Sexy,Low,5.0,free,Spring,o-neck,full,natural,cotton,worsted,,striped,0,2025-07-27
944656411,vintage,Low,4.6,M,Summer,o-neck,short,natural,,chiffon,,print,0,2025-08-25
1096779299,Casual,Average,0.0,free,Winter,o-neck,halfsleeve,empire,polyster,chiffon,hollowout,solid,0,2025-12-04
1036333255,Casual,low,4.9,L,Summer,boat-neck,short,,,chiffon,,patchwork,1,2025-02-22
1065316076,Casual,Low,0.0,S,Automn,o-neck,full,natural,,,beading,solid,1,2025-10-07
995802744,Sexy,Average,4.0,S,Automn,v-neck,sleevless,,rayon,chiffon,,patchwork,1,2025-08-05
1018110870,Sexy,Low,5.0,M,Automn,o-neck,full,natural,,chiffon,lace,print,1,2025-09-09
850586379,Brief,Average,4.6,M,Winter,peterpan-collor,threequarter,,cotton,,,solid,0,2025-07-07
1169895668,Casual,Average,0.0,L,Spring,boat-neck,sleevless,natural,cotton,,applique,patchwork,1,2025-02-10
688966772,Casual,Average,4.8,L,Winter,o-neck,short,natural,cotton,,pockets,solid,1,2025-06-06
1194626925,OL,Medium,0.0,M,Winter,mandarin-collor,halfsleeve,natural,cotton,,sashes,solid,0,2025-01-15
876708804,Sexy,Low,4.8,M,Spring,o-neck,halfsleeve,natural,silk,,,solid,0,2025-10-28
1118628066,Casual,Medium,0.0,S,Spring,v-neck,full,,,,,animal,1,2025-03-06
1027818824,Casual,Medium,0.0,M,Spring,v-neck,threequarter,natural,silk,chiffon,ruffles,solid,1,2025-12-11
891103323,Casual,Average,0.0,M,Spring,o-neck,sleevless,natural,silk,,,print,0,2025-11-23
1166855026,Casual,Average,0.0,free,Winter,v-neck,full,natural,,chiffon,ruffles,print,0,2025-01-09
1023850025,vintage,Low,4.8,S,Summer,o-neck,short,natural,,chiffon,ruffles,print,0,2025-12-10
805438829,Sexy,Low,4.8,L,Summer,v-neck,full,natural,cotton,jersey,applique,print,1,2025-05-09
836788720,fashion,Average,4.0,free,Summer,open,full,,cotton,,sequined,solid,0,2025-05-16
835787654,Casual,Average,4.7,L,Summer,v-neck,short,natural,,,,print,1,2025-03-04
1148457078,Casual,Low,0.0,free,Winter,o-neck,halfsleeve,natural,polyster,worsted,,patchwork,1,2025-05-19
887476609,bohemian,Low,4.8,free,Summer,o-neck,short,,,,,animal,1,2025-03-22
535968075,work,Medium,4.6,L,Winter,sqare-collor,short,empire,cotton,,Tiered,solid,0,2025-06-12
892801580,vintage,Average,4.7,L,Summer,o-neck,short,natural,cotton,,button,solid,0,2025-10-16
732650169,cute,Low,4.7,M,Spring,o-neck,short,empire,polyster,chiffon,ruffles,dot,1,2025-09-18
680070369,Casual,Low,4.6,free,Automn,o-neck,full,natural,cotton,,,solid,1,2025-08-19
1002440915,Casual,Medium,0.0,free,Spring,o-neck,sleevless,natural,cotton,broadcloth,sequined,solid,1,2025-02-10
737538048,Casual,Average,4.7,L,Automn,o-neck,halfsleeve,,,,lace,,0,2025-01-28
1104450248,Sexy,Average,0.0,L,Automn,v-neck,sleevless,empire,,chiffon,,patchwork,0,2025-05-15
797673346,Casual,Low,4.7,free,Winter,o-neck,sleevless,natural,cotton,jersey,,solid,1,2025-07-20
1039982741,Casual,Average,0.0,M,Automn,o-neck,short,empire,polyster,,applique,print,0,2025-11-24
829087315,cute,Average,4.8,L,Automn,slash-neck,sleevless,natural,,chiffon,hollowout,solid,0,2025-09-25
1032990258,party,Average,5.0,M,Spring,o-neck,halfsleeve,natural,,,,,1,2025-02-02
939422280,cute,Average,4.3,L,Winter,o-neck,sleevless,natural,,chiffon,,solid,0,2025-02-17
974746803,Casual,Average,4.5,L,Spring,o-neck,short,natural,cotton,chiffon,,patchwork,0,2025-03-03
1018130478,Casual,Low,4.7,L,Automn,o-neck,full,,cotton,chiffon,lace,print,0,2025-08-04
956758119,Casual,Low,4.5,free,Automn,v-neck,short,natural,silk,worsted,lace,solid,0,2025-10-20
903426442,sexy,Average,3.6,L,Winter,v-neck,full,natural,polyster,woolen,beading,solid,1,2025-04-09
861626197,work,Average,4.8,L,Winter,v-neck,short,natural,mix,broadcloth,lace,solid,0,2025-06-21
1077015977,vintage,Average,0.0,free,Summer,o-neck,sleevless,,,,,,0,2025-12-26
817870237,Sexy,Low,4.6,free,Spring,o-neck,full,natural,,,lace,leopard,1,2025-08-02
1078996836,Sexy,Low,0.0,free,Winter,v-neck,sleevless,empire,cotton,chiffon,,solid,1,2025-02-04
881530990,work,Average,4.6,L,Spring,o-neck,short,empire,cotton,jersey,,patchwork,0,2025-08-15
937046375,Casual,Average,4.4,M,Summer,o-neck,short,empire,,,lace,patchwork,0,2025-04-11
870994067,cute,Low,4.9,M,Automn,o-neck,short,natural,chiffonfabric,chiffon,bow,dot,0,2025-05-11
893330898,Sexy,Low,4.6,free,Summer,v-neck,sleevless,natural,cotton,broadcloth,beading,solid,0,2025-09-14
822053936,party,Average,4.4,free,Automn,v-neck,threequarter,natural,,,,solid,0,2025-01-05
1059959935,Casual,Average,0.0,free,Spring,o-neck,short,,cotton,,lace,,1,2025-08-06
1197204708,Casual,Low,0.0,M,Summer,v-neck,full,natural,acrylic,,lace,solid,0,2025-09-12
713439584,Sexy,Average,4.6,M,Winter,o-neck,full,natural,polyster,,,patchwork,1,2025-12-25
732736124,work,Average,4.6,M,Spring,v-neck,full,,,chiffon,,,0,2025-10-10
709353440,cute,Average,4.7,L,Winter,o-neck,sleevless,natural,chiffonfabric,,lace,solid,0,2025-07-26
1031230798,bohemian,Average,4.7,L,Automn,o-neck,sleevless,natural,,chiffon,,solid,0,2025-01-15
1225512606,cute,High,0.0,M,Winter,o-neck,threequarter,empire,silk,chiffon,lace,patchwork,0,2025-12-12
1158347154,Casual,Average,0.0,XL,Winter,o-neck,short,empire,polyster,,button,solid,0,2025-02-11
976975672,Novelty,Average,4.9,L,Automn,o-neck,short,natural,polyster,chiffon,,print,1,2025-06-28
520233308,Casual,Low,4.7,M,Automn,o-neck,full,,cotton,,,solid,0,2025-03-04
935827969,cute,Average,4.3,free,Summer,boat-neck,sleevless,,,,,,1,2025-12-18
1130624045,Sexy,Low,0.0,free,Automn,slash-neck,short,empire,,,hollowout,solid,0,2025-08-19
547555172,cute,Low,4.7,XL,Summer,o-neck,short,empire,chiffonfabric,chiffon,bow,print,0,2025-08-29
1083323104,Sexy,low,4.5,L,Spring,o-neck,sleevless,,,,lace,solid,0,2025-02-21
955188745,Casual,Average,4.7,M,Automn,o-neck,sleevless,,cotton,,,animal,1,2025-04-06
1140306858,Casual,Average,0.0,L,Spring,boat-neck,sleevless,natural,cotton,,lace,solid,1,2025-08-10
895807023,cute,low,4.7,free,Summer,o-neck,sleevless,,,chiffon,,print,1,2025-08-19
818505402,Casual,low,4.4,free,Summer,turndowncollor,sleevless,natural,cotton,,,solid,0,2025-08-25
897981100,Casual,Average,4.8,L,winter,v-neck,short,empire,polyster,,ruffles,solid,0,2025-05-23
973481686,vintage,Average,4.3,free,winter,o-neck,short,,chiffonfabric,chiffon,,print,0,2025-06-20
1021375534,cute,low,4.5,L,Summer,o-neck,sleevless,natural,cotton,chiffon,sashes,solid,1,2025-01-29
549437715,Casual,Average,4.4,M,Summer,turndowncollor,sleevless,natural,chiffonfabric,chiffon,,solid,0,2025-02-05
1097548715,vintage,Medium,0.0,S,Winter,turndowncollor,halfsleeve,natural,cotton,broadcloth,,plaid,0,2025-01-13
578702321,Sexy,low,4.7,free,Summer,turndowncollor,sleevless,natural,cotton,,,solid,1,2025-06-09
1155548915,vintage,High,0.0,L,Summer,o-neck,short,natural,cotton,,,print,0,2025-11-23
1199064757,Casual,low,0.0,free,Spring,v-neck,threequarter,,silk,,lace,,1,2025-07-06
1078994436,Sexy,Average,0.0,S,Automn,slash-neck,short,natural,,,lace,solid,0,2025-08-31
949226757,Casual,Low,0.0,free,Spring,o-neck,short,natural,,,hollowout,solid,0,2025-03-27
832191944,cute,Medium,5.0,free,Winter,o-neck,sleevless,natural,silk,,lace,solid,1,2025-10-11
869572905,Casual,Low,4.7,free,Summer,o-neck,sleevless,,,,,print,0,2025-03-07
896048351,Sexy,Low,4.8,free,Spring,v-neck,sleevless,,,,sequined,solid,1,2025-06-19
854444464,Casual,Average,4.5,L,Winter,o-neck,short,natural,cotton,,bow,patchwork,0,2025-02-14
1246749980,vintage,Average,0.0,S,Spring,o-neck,full,natural,mix,chiffon,embroidary,print,0,2025-03-03
849613634,Casual,Average,3.7,free,Automn,boat-neck,full,,,,,solid,1,2025-05-14
1019768234,vintage,Average,4.8,L,Winter,o-neck,sleevless,natural,cotton,,,patchwork,0,2025-10-11
785830491,cute,Average,0.0,XL,Spring,boat-neck,full,,cotton,worsted,applique,dot,1,2025-01-28
832391864,Casual,Average,0.0,L,Winter,open,short,natural,mix,poplin,applique,solid,1,2025-04-18
1069595866,sexy,Medium,5.0,M,Winter,o-neck,sleevless,empire,polyster,,bow,solid,0,2025-02-13
733715437,Brief,Average,4.9,free,Summer,slash-neck,sleevless,natural,,,,solid,0,2025-12-06
828949946,Casual,High,4.9,S,Spring,o-neck,threequarter,natural,,,,dot,1,2025-10-13
765264430,Brief,Average,4.6,free,Winter,o-neck,full,natural,mix,,sashes,solid,0,2025-11-27
722020708,Casual,Low,4.5,free,Winter,o-neck,full,natural,mix,worsted,applique,solid,0,2025-05-08
980295760,Casual,Low,4.8,XL,Summer,o-neck,short,empire,mix,chiffon,sashes,geometric,0,2025-12-14
913978120,Sexy,Medium,4.6,L,Summer,o-neck,short,natural,spandex,jersey,lace,solid,0,2025-08-19
1062354779,Casual,Average,4.5,M,Winter,v-neck,sleevless,natural,,chiffon,button,striped,0,2025-07-09
1051749304,work,Average,0.0,S,Automn,o-neck,sleevless,natural,linen,,,patchwork,0,2025-08-13
1206128856,Casual,Low,0.0,L,Winter,o-neck,sleevless,empire,polyster,,,leopard,0,2025-10-10
956453735,cute,low,5.0,L,Winter,o-neck,threequarter,natural,silk,chiffon,sashes,print,0,2025-05-01
767971724,Brief,Average,4.3,M,Spring,o-neck,full,natural,mix,worsted,sequined,patchwork,1,2025-04-26
722565148,Sexy,low,4.4,free,Automn,o-neck,full,empire,cotton,,,leopard,0,2025-08-21
1167448608,cute,low,0.0,free,Summer,peterpan-collor,short,empire,cotton,broadcloth,applique,print,0,2025-09-16
549159213,Casual,Average,4.5,free,Summer,o-neck,short,natural,cotton,,,solid,1,2025-12-25
940918554,Sexy,low,4.7,M,Winter,slash-neck,sleevless,,nylon,,sashes,solid,1,2025-07-17
522776523,Casual,low,4.7,free,Spring,o-neck,sleevless,empire,cotton,chiffon,,floral,0,2025-05-17
658650071,Casual,Medium,4.8,M,Winter,peterpan-collor,short,natural,polyster,chiffon,lace,patchwork,0,2025-11-14
560474456,Sexy,low,4.3,free,Winter,v-neck,sleevless,natural,silk,worsted,lace,solid,1,2025-06-14
1150052066,bohemian,Average,0.0,L,Winter,turndowncollor,full,natural,mix,,,solid,0,2025-08-13
929797706,Casual,Low,0.0,free,,o-neck,full,natural,cotton,,,patchwork,0,2025-11-03
886351969,cute,Medium,4.8,free,Spring,slash-neck,sleevless,natural,polyster,chiffon,sashes,solid,1,2025-08-22
1071947910,Sexy,Average,0.0,S,Automn,v-neck,sleevless,empire,cotton,,beading,solid,0,2025-06-21
813753347,Casual,Low,4.6,S,Spring,o-neck,full,natural,cotton,,,solid,1,2025-06-01
733134203,vintage,Medium,4.7,free,Spring,turndowncollor,sleevless,natural,mix,,lace,solid,1,2025-11-11
851256794,work,low,4.7,free,Summer,o-neck,full,empire,cotton,,,solid,0,2025-06-09
751049573,cute,Average,4.8,M,Summer,o-neck,short,natural,cotton,,rivet,solid,0,2025-04-06
882490248,cute,Average,0.0,M,Summer,o-neck,short,natural,cotton,chiffon,,print,0,2025-08-21
541172235,Casual,Average,4.7,M,winter,o-neck,full,,,,,animal,0,2025-06-29
727676110,Casual,low,4.6,free,winter,o-neck,full,natural,polyster,,applique,solid,1,2025-04-23
891631697,party,Average,5.0,free,Summer,v-neck,sleevless,,,,,,0,2025-11-14
1059306768,Casual,Average,0.0,free,Summer,v-neck,sleevless,natural,cotton,chiffon,,patchwork,0,2025-02-21
764321904,Sexy,Average,5.0,L,winter,o-neck,threequarter,natural,polyster,,lace,geometric,0,2025-09-25
902108125,Sexy,Average,4.8,free,Winter,o-neck,sleevless,natural,polyster,,embroidary,solid,0,2025-10-22
874397327,Casual,Average,4.7,S,Summer,v-neck,short,natural,cotton,,,dot,0,2025-04-23
861698160,Casual,Average,4.1,M,Automn,v-neck,full,,,chiffon,sashes,,1,2025-04-11
981437831,Casual,Average,5.0,XL,Automn,o-neck,short,natural,chiffonfabric,chiffon,,,0,2025-04-23
1036456647,Sexy,Average,5.0,M,Summer,v-neck,sleevless,empire,cotton,,sequined,solid,1,2025-03-22
951280194,work,Average,4.6,L,Summer,slash-neck,short,natural,cotton,,,solid,0,2025-07-06
1079373429,Casual,Average,4.5,M,Summer,peterpan-collor,sleevless,,,,,,0,2025-04-23
747381880,vintage,Average,4.5,L,Automn,o-neck,sleevless,empire,,worsted,,solid,0,2025-01-02
1099363892,Casual,Average,0.0,M,Summer,o-neck,threequarter,natural,nylon,broadcloth,,solid,1,2025-05-10
941333009,cute,Average,4.7,L,Summer,o-neck,sleevless,natural,cotton,worsted,,print,0,2025-08-08
819651586,bohemian,Low,4.7,free,Winter,o-neck,short,natural,nylon,,sashes,print,0,2025-02-23
1043590098,Casual,low,5.0,free,Spring,slash-neck,sleevless,empire,spandex,,,striped,1,2025-12-09
1091666465,Casual,Average,5.0,M,Winter,o-neck,sleevless,natural,,chiffon,sashes,solid,1,2025-08-12
863336720,Casual,Average,4.3,free,Summer,o-neck,sleevless,natural,cotton,worsted,,striped,0,2025-08-13
771972560,work,low,4.5,M,Winter,v-neck,threequarter,,,,,patchwork,0,2025-05-06
756492184,Casual,Average,4.3,S,Spring,boat-neck,full,natural,cotton,,lace,patchwork,1,2025-05-10
1097157656,Casual,Average,4.4,L,Automn,o-neck,halfsleeve,natural,,dobby,lace,animal,0,2025-02-22
573923366,sexy,Low,4.3,M,Automn,open,short,natural,lace,,lace,print,0,2025-06-21
756620535,Casual,Low,4.6,free,Summer,o-neck,full,natural,cotton,worsted,lace,solid,1,2025-08-06
765350508,Casual,low,4.6,L,Winter,o-neck,full,,cotton,,,,0,2025-06-09
968294356,Casual,Average,4.6,M,Spring,o-neck,sleevless,natural,,chiffon,sashes,solid,1,2025-07-17
1017678811,Casual,low,0.0,free,Automn,peterpan-collor,threequarter,empire,,,,,0,2025-09-04
933231033,Casual,Average,4.7,S,Spring,o-neck,halfsleeve,empire,,chiffon,,,1,2025-11-20
1199765487,Casual,Average,0.0,S,Summer,o-neck,sleevless,empire,cotton,,,solid,0,2025-07-22
965817793,Casual,low,4.8,free,Summer,o-neck,sleevless,natural,cotton,,,print,1,2025-07-03
1074432879,Casual,Average,5.0,S,Winter,o-neck,sleevless,empire,polyster,chiffon,,plaid,0,2025-05-03
1132858821,Sexy,very-high,0.0,free,Winter,v-neck,sleevless,natural,polyster,knitting,,solid,0,2025-09-12
905732124,Casual,low,4.4,free,Summer,o-neck,sleevless,natural,polyster,,sashes,print,0,2025-10-21
711045472,Casual,Average,4.8,M,Automn,v-neck,short,,,chiffon,embroidary,print,1,2025-10-07
923983419,Casual,Average,5.0,free,Summer,v-neck,sleevless,,modal,,,patchwork,0,2025-11-21
733025646,Sexy,low,4.8,M,Automn,v-neck,full,natural,cotton,,,print,1,2025-04-08
720099861,Casual,Average,4.6,free,Winter,v-neck,full,natural,cotton,flannel,,striped,0,2025-07-17
923915314,Casual,Average,4.6,M,Winter,v-neck,full,natural,chiffonfabric,chiffon,,,0,2025-08-28
1077555214,Casual,low,5.0,S,Spring,o-neck,sleevless,natural,chiffonfabric,,,print,0,2025-05-24
1216538883,cute,Average,0.0,M,Winter,o-neck,short,natural,polyster,chiffon,sashes,solid,0,2025-04-07
531254082,Casual,low,4.8,free,Spring,o-neck,sleevless,,chiffonfabric,chiffon,,print,1,2025-07-20
890279029,Casual,Average,4.6,M,Automn,o-neck,short,empire,polyster,,applique,dot,0,2025-05-04
995964089,bohemian,Average,5.0,M,Spring,slash-neck,sleevless,empire,,chiffon,ruffles,solid,1,2025-07-06
868453353,Casual,Low,4.9,free,winter,o-neck,sleevless,empire,silk,,sashes,print,1,2025-11-22
1024954013,Casual,Average,4.7,L,Summer,o-neck,sleevless,natural,silk,chiffon,beading,solid,0,2025-12-15
685606338,Casual,Medium,4.6,M,winter,o-neck,full,natural,cashmere,,,solid,1,2025-09-16
877962269,Casual,Average,4.7,M,winter,v-neck,sleevless,empire,polyster,chiffon,applique,print,0,2025-05-28
995644296,Sexy,Average,4.7,M,winter,v-neck,sleevless,natural,polyster,broadcloth,,patchwork,0,2025-09-09
1066273951,Casual,Average,3.5,M,winter,v-neck,short,natural,,,,solid,0,2025-12-12
822176645,Casual,Average,4.8,M,winter,o-neck,threequarter,natural,,,,print,1,2025-05-27
659466129,Casual,Average,0.0,M,winter,o-neck,full,natural,cotton,jersey,feathers,solid,1,2025-05-28
694493217,Casual,low,4.6,M,Summer,o-neck,sleevless,natural,cotton,,sashes,striped,0,2025-12-18
793162246,Casual,Average,4.7,L,Spring,v-neck,halfsleeve,natural,,broadcloth,,print,1,2025-07-18
817945281,Casual,low,4.5,free,Summer,o-neck,full,natural,cotton,,button,solid,0,2025-11-04
920902282,Casual,Average,4.7,M,Summer,o-neck,sleevless,natural,polyster,,,character,0,2025-05-08
727820291,Casual,low,4.5,M,Winter,o-neck,short,natural,chiffonfabric,chiffon,,solid,0,2025-02-08
699738864,Casual,low,4.7,S,summer,o-neck,full,natural,cotton,,,patchwork,0,2025-12-04
1197211965,cute,Low,0.0,free,Summer,boat-neck,sleevless,,cotton,,,print,0,2025-12-26
682561447,party,very-high,5.0,M,Spring,slash-neck,sleevless,natural,chiffonfabric,chiffon,flowers,,1,2025-05-09
999081623,Casual,Average,4.9,M,Automn,v-neck,sleevless,,polyster,,,,1,2025-09-24
1108613896,party,very-high,0.0,L,Winter,v-neck,sleevless,natural,polyster,tulle,beading,,0,2025-05-31
1054555186,party,very-high,0.0,M,Winter,v-neck,cap-sleeves,,,chiffon,lace,,0,2025-10-25
915238287,Casual,Low,4.4,M,Winter,v-neck,turndowncollor,,cotton,,,,1,2025-04-09
1107279894,party,very-high,0.0,M,Spring,v-neck,threequater,natural,lycra,sattin,applique,,1,2025-09-20
1163040038,party,high,0.0,M,Winter,Sweetheart,sleevless,natural,,,pearls,,0,2025-09-09
1091877430,party,high,0.0,M,Spring,Sweetheart,sleevless,,nylon,,,,0,2025-05-24
1053467336,party,Average,5.0,M,Winter,o-neck,capsleeves,empire,polyster,,lace,,1,2025-12-12
609889168,party,high,4.7,M,Winter,sweetheart,sleeveless,natural,,chiffon,flowers,,0,2025-04-22
662727740,party,,4.8,free,Winter,o-neck,sleevless,empire,,,embroidary,,1,2025-03-01
1090993173,party,,4.5,L,Summer,,full,,,,,,1,2025-01-02
963684109,party,very-high,4.9,M,Spring,Sweetheart,sleeevless,empire,,chiffon,beading,,1,2025-10-31
619817668,party,high,4.6,M,winter,Sweetheart,sleevless,natural,,chiffon,,,0,2025-09-11
1066740059,party,Average,5.0,M,Spring,Sweetheart,sleevless,natural,polyster,,,,1,2025-05-20
732184480,party,very-high,4.8,L,Spring,Sweetheart,sleevless,empire,microfiber,organza,beading,,1,2025-02-06
1044683061,party,very-high,0.0,M,Winter,Sweetheart,sleevless,natural,polyster,chiffon,beading,,1,2025-06-09
579010251,party,high,4.6,L,Spring,slash-neck,sleevless,empire,silk,chiffon,beading,,0,2025-01-09
751364623,party,Average,4.8,L,,Sweetheart,sleevless,empire,,,pleat,,1,2025-08-21
898316819,party,Medium,4.6,S,Winter,Scoop,short,empire,,,crystal,,0,2025-04-09
622667306,party,very-high,4.9,M,Spring,Sweetheart,sleevless,natural,silk,chiffon,beading,,1,2025-05-27
809344968,party,Medium,4.8,S,Spring,v-neck,sleevless,empire,,,,,1,2025-10-31
754138176,party,very-high,4.2,L,Winter,v-neck,sleevless,,,,lace,,1,2025-07-27
674192921,Casual,Low,4.4,free,Summer,o-neck,sleevless,,,,,,1,2025-05-11
726446177,party,very-high,4.1,M,Winter,Scoop,short,natural,cotton,lace,applique,,1,2025-06-01
1193747589,party,very-high,0.0,M,Winter,o-neck,full,natural,,,feathers,,1,2025-02-23
676827184,Casual,high,4.6,M,Summer,Sweetheart,sleevless,empire,,,beading,,1,2025-04-30
619996560,party,Average,4.7,free,Winter,o-neck,sleevless,,polyster,,,,0,2025-06-10
618420156,party,very-high,4.7,L,Winter,slash-neck,sleevless,empire,viscos,chiffon,beading,,1,2025-04-26
689486739,party,very-high,4.5,M,Spring,v-neck,cap-sleeves,,,,lace,,1,2025-03-16
751364614,party,Average,4.7,free,Spring,Sweetheart,sleevless,empire,rayon,chiffon,beading,solid,1,2025-04-23
825341937,party,high,4.8,M,Summer,Sweetheart,sleevless,princess,,sattin,,,1,2025-04-14
736813752,party,high,4.6,M,Summer,slash-neck,sleevless,natural,,chiffon,,,1,2025-12-06
636178374,party,Medium,4.7,M,Winter,o-neck,sleevless,empire,cotton,chiffon,button,,1,2025-09-11
743485617,cute,Average,4.4,free,Spring,Sweetheart,sleevless,empire,spandex,tulle,ruched,solid,1,2025-08-15
933951149,party,Average,5.0,M,Spring,o-neck,sleevless,,,,,,1,2025-04-22
684561284,party,very-high,4.8,free,Spring,Sweetheart,sleevless,natural,polyster,chiffon,beading,,1,2025-04-09
616295248,party,Medium,4.8,M,Spring,o-neck,sleevless,natural,silk,chiffon,crystal,,1,2025-06-02
736076633,party,very-high,4.9,L,Spring,slash-neck,sleevless,,,chiffon,flowers,,1,2025-12-15
1108073621,party,Medium,0.0,free,Winter,v-neck,short,empire,,chiffon,lace,,1,2025-12-04
1053002876,work,Average,5.0,free,Winter,o-neck,half,,microfiber,,,,0,2025-07-13
444282011,party,very-high,4.9,M,Spring,v-neck,sleevless,empire,,sattin,beading,,1,2025-11-06
949336768,Casual,high,5.0,free,Summer,v-neck,sleevless,natural,nylon,,,,1,2025-06-12
961972778,Casual,very-high,0.0,small,Spring,o-neck,full,,,chiffon,applique,,0,2025-07-27
893088817,Casual,Medium,4.7,M,Spring,o-neck,sleevless,natural,cotton,,bow,,1,2025-06-18
952724683,party,Average,0.0,M,Spring,v-neck,sleevless,natural,,,,,1,2025-06-10
855037000,Casual,Average,4.4,free,Summer,slash-neck,sleevless,empire,cotton,,,,1,2025-03-09
660016574,Casual,very-high,4.6,M,winter,o-neck,short,natural,,,flowers,,1,2025-10-16
738079582,Casual,Low,4.4,free,winter,halter,sleevless,natural,,,draped,,1,2025-10-04
861001391,party,high,4.5,M,winter,o-neck,sleevless,,,,,,1,2025-10-31
1099696103,Casual,Average,4.8,free,Summer,o-neck,sleevless,natural,,,,,0,2025-05-15
1044288976,Sexy,Average,5.0,M,Summer,o-neck,sleeveless,natural,polyster,broadcloth,rivet,,0,2025-07-14
890848361,vintage,Average,4.9,free,Summer,o-neck,urndowncollor,empire,,,,,0,2025-05-08
929503394,vintage,Average,4.7,S,Summer,turndowncollor,short,empire,cotton,,,,0,2025-02-02
1015249105,work,Average,4.9,M,Summer,sqare-collor,halfsleeve,empire,polyster,sattin,sashes,,0,2025-06-25
707537639,Casual,low,4.7,L,Spring,o-neck,short,natural,chiffonfabric,chiffon,,,0,2025-01-22
702984554,Casual,Average,4.8,L,Automn,o-neck,short,natural,cashmere,,,,0,2025-08-26
896048351,Sexy,low,4.7,free,Spring,v-neck,sleeveless,,,,sequined,,1,2025-06-07
1023830972,Casual,Average,0.0,S,Winter,slash-neck,halfsleeve,natural,nylon,broadcloth,,,0,2025-02-07
959052557,Casual,Average,4.2,S,Winter,v-neck,sleevless,empire,other,chiffon,hollowout,patchwork,0,2025-08-18
1246945687,Novelty,Average,0.0,free,Summer,o-neck,full,natural,cotton,sattin,hollowout,solid,0,2025-12-31
510519284,Casual,Low,4.3,free,Summer,backless,sleevless,empire,chiffonfabric,chiffon,crystal,,0,2025-02-20
1079958917,Casual,Average,3.7,M,Summer,boat-neck,sleevless,natural,linen,,,,0,2025-09-21
1024325244,Casual,Average,5.0,free,winter,o-neck,sleevless,natural,polyster,broadcloth,lace,,1,2025-10-10
841203385,Sexy,low,5.0,free,Spring,v-neck,sleevless,empire,,chiffon,,,0,2025-01-27
1104504876,cute,Low,0.0,free,Winter,o-neck,sleevless,natural,,chiffon,,,0,2025-08-14
1010356223,vintage,Average,4.8,M,Summer,v-neck,full,natural,rayon,poplin,,,1,2025-10-04
1031230798,bohemian,Average,4.8,L,Winter,o-neck,sleevless,natural,polyster,chiffon,,solid,0,2025-10-13
908989488,bohemian,Average,0.0,free,Spring,o-neck,sleevless,natural,rayon,chiffon,,striped,1,2025-04-07
822081627,Sexy,Average,4.5,M,Summer,bowneck,sleevless,,cotton,chiffon,,solid,0,2025-10-11
1116072373,Novelty,Medium,4.2,M,Winter,o-neck,halfsleeve,natural,polyster,chiffon,hollowout,animal,1,2025-11-13
856139963,Casual,Low,5.0,free,Spring,v-neck,full,natural,cotton,,,solid,1,2025-10-31
1032982013,Casual,Average,5.0,L,Winter,o-neck,thressqatar,natural,polyster,,applique,solid,0,2025-05-27
879756967,Casual,Low,4.8,M,Winter,v-neck,sleevless,natural,polyster,,,print,0,2025-01-04
912614690,bohemian,Low,5.0,free,Spring,o-neck,short,natural,nylon,jersey,sashes,print,1,2025-02-04
1072784739,Casual,low,5.0,free,Spring,bowneck,sleevless,natural,silk,chiffon,applique,print,0,2025-07-11
945651303,Casual,Low,5.0,M,Spring,o-neck,sleeevless,natural,chiffonfabric,chiffon,,solid,1,2025-02-18
858212832,cute,Average,4.3,M,Summer,,,natural,cotton,chiffon,,solid,0,2025-01-17
1219677488,Novelty,Average,0.0,free,winter,o-neck,short,natural,polyster,broadcloth,lace,,1,2025-06-21
886501087,cute,low,0.0,L,Spring,o-neck,sleevless,empire,,,,,1,2025-08-08
944264938,Sexy,Low,4.8,free,Spring,slash-neck,sleevless,natural,cotton,broadcloth,sequined,solid,0,2025-06-07
918722829,Sexy,Low,4.8,free,Summer,slash-neck,sleevless,empire,silk,,lace,solid,0,2025-02-15
750670078,Casual,Low,4.4,M,Winter,o-neck,sleevless,natural,polyster,,,solid,0,2025-01-06
1028061165,Casual,Average,4.5,M,Winter,o-neck,sleevless,natural,polyster,chiffon,ruched,striped,0,2025-04-09
699738864,Casual,Low,4.7,S,Summer,o-neck,full,natural,cotton,,,patchwork,0,2025-08-21
905732124,Casual,low,4.4,free,Spring,o-neck,sleevless,natural,polyster,,sashes,print,0,2025-02-06
961230947,work,Average,4.9,M,Winter,slash-neck,short,natural,polyster,broadcloth,ruffles,solid,0,2025-10-07
849947393,cute,Medium,4.6,free,Spring,o-neck,short,natural,chiffonfabric,,hollowout,solid,1,2025-12-15
857432541,Casual,Low,4.7,free,Spring,o-neck,halfsleeve,natural,silk,chiffon,sashes,print,0,2025-10-29
1088674674,Casual,Low,4.7,M,Winter,o-neck,full,empire,polyster,chiffon,,print,1,2025-06-30
939250541,Casual,Average,4.8,M,Spring,o-neck,sleevless,natural,cotton,chiffon,hollowout,print,0,2025-04-05
876708804,Sexy,Low,4.8,L,Summer,o-neck,sleevless,natural,cotton,,,solid,1,2025-04-09
1032990258,Casual,Average,4.3,M,Spring,o-neck,halfsleeve,,,,,,1,2025-07-07
880692544,Casual,Average,4.7,XL,winter,v-neck,short,empire,milksilk,,,print,0,2025-04-26
958270190,Casual,Low,0.0,L,winter,v-neck,full,,,,,solid,0,2025-07-10
732757918,Sexy,Average,4.7,M,Automn,slash-neck,sleevless,natural,nylon,,rivet,solid,0,2025-09-10
898646576,Casual,Low,4.7,free,winter,o-neck,sleevless,natural,,,,,1,2025-06-10
950048509,Casual,high,0.0,L,winter,v-neck,full,,polyster,,,solid,0,2025-09-13
754316257,Casual,Low,4.7,L,Summer,o-neck,sleevless,natural,silk,worsted,lace,patchwork,0,2025-11-19
598523814,Casual,Average,4.7,free,Summer,v-neck,full,natural,cotton,,sashes,solid,0,2025-05-08
774130360,Casual,Average,0.0,free,Winter,v-neck,full,,cashmere,,,solid,1,2025-01-18
555727400,Casual,low,4.7,free,Summer,o-neck,capsleeves,natural,chiffonfabric,chiffon,,print,1,2025-10-08
537463111,Casual,Average,4.7,M,Summer,o-neck,thressqatar,,chiffonfabric,chiffon,ruched,solid,0,2025-08-11
933864550,Sexy,low,4.5,free,Summer,slash-neck,sleevless,,polyster,Corduroy,,,0,2025-02-23
944930838,vintage,low,4.0,free,Summer,turndowncollor,short,natural,cotton,wollen,hollowout,solid,0,2025-02-27
901346821,Sexy,low,4.7,free,Summer,v-neck,sleevless,,,,,,0,2025-11-19
818295153,bohemian,low,5.0,free,Summer,o-neck,sleevless,empire,cotton,broadcloth,tassel,print,1,2025-12-26
733134203,Casual,low,4.7,S,Winter,o-neck,sleeevless,natural,knitting,,lace,solid,0,2025-06-23
943414146,Sexy,Average,4.5,S,Winter,v-neck,sleevless,,polyster,,,,0,2025-10-07
709353440,cute,Average,4.7,M,Summer,o-neck,sleevless,natural,chiffonfabric,,sashes,splice,0,2025-04-24
1190383536,vintage,Low,0.0,free,Summer,o-neck,sleevless,natural,cotton,batik,,print,1,2025-10-15
869138763,Casual,Average,4.1,L,winter,o-neck,sleevless,natural,polyster,,,,1,2025-12-08
977173764,Casual,Average,4.2,M,winter,v-neck,full,empire,polyster,,lace,patchwork,1,2025-05-31
918331326,Brief,Average,4.8,free,winter,v-neck,halfsleeve,natural,polyster,broadcloth,,solid,0,2025-05-07
733715437,Brief,Average,4.9,free,Winter,o-neck,sleevless,natural,,,,solid,0,2025-06-04
955679920,Sexy,Average,4.8,S,Winter,v-neck,sleevless,empire,polyster,chiffon,lace,solid,0,2025-09-30
862814652,Casual,Average,4.7,L,Winter,o-neck,sleevless,natural,polyster,chiffon,,patchwork,0,2025-04-14
799301728,vintage,Average,4.7,M,Summer,v-neck,short,natural,rayon,,beading,print,0,2025-10-26
1039384371,Casual,Average,4.8,free,Summer,o-neck,sleevless,natural,cotton,chiffon,sashes,solid,0,2025-09-03
746518490,Sexy,Low,4.7,M,Winter,v-neck,sleevless,natural,polyster,,,striped,0,2025-06-25
720665176,Casual,Average,5.0,s,Spring,turndowncollor,full,empire,cotton,worsted,,solid,0,2025-02-08
1001750851,Casual,Low,1.0,M,Spring,o-neck,halfsleeve,,,chiffon,,,0,2025-06-19
882975367,Sexy,Average,4.1,free,Summer,v-neck,sleevless,natural,cotton,,lace,,1,2025-09-04
1069577979,Casual,Low,4.0,free,Summer,v-neck,sleevless,natural,cotton,broadcloth,hollowout,print,0,2025-01-26
1079373429,work,Average,4.7,M,Spring,v-neck,sleevless,,,,,,1,2025-12-21
711704151,cute,Average,4.6,free,Spring,v-neck,full,natural,cotton,chiffon,,solid,1,2025-11-02
876761815,Casual,Low,5.0,M,Spring,o-neck,sleevless,natural,spandex,jersey,,print,0,2025-01-13
1062354779,Casual,Average,4.7,M,Automn,v-neck,sleevless,natural,,chiffon,,striped,1,2025-11-12
727676110,Casual,low,4.6,free,winter,o-neck,full,natural,polyster,,applique,solid,0,2025-11-09
845853510,Casual,Average,4.5,L,Summer,o-neck,short,natural,cotton,jersey,pockets,solid,0,2025-02-05
832090686,cute,Average,4.6,M,Automn,o-neck,thressqatar,natural,silk,chiffon,sashes,print,0,2025-06-22
839305476,Casual,Low,4.6,free,Automn,o-neck,halfsleeve,natural,chiffonfabric,chiffon,,leapord,1,2025-01-20
855418066,Casual,Low,4.7,L,Summer,,sleevless,,cotton,,,solid,1,2025-11-17
1211480431,Sexy,Low,0.0,L,Summer,o-neck,sleevless,empire,sill,,,striped,0,2025-09-21
946741571,bohemian,Average,4.0,free,Winter,o-neck,sleevless,natural,polyster,chiffon,ruffles,striped,0,2025-05-22
724177834,Casual,low,4.7,free,Summer,o-neck,full,natural,cotton,,,solid,1,2025-05-23
975877364,work,Average,0.0,M,Summer,v-neck,sleevless,natural,cotton,worsted,,solid,1,2025-04-02
851697194,bohemian,Average,4.1,free,Summer,o-neck,thressqatar,,,,hollowout,,0,2025-12-20
1108356000,Casual,Average,0.0,M,Spring,o-neck,halfsleeve,natural,,,lace,,0,2025-11-18
871219565,Brief,Low,4.6,M,Summer,o-neck,short,natural,cotton,,,animal,0,2025-10-15
1250787559,cute,Low,0.0,free,Spring,v-neck,sleevless,empire,chiffonfabric,chiffon,,,1,2025-08-03
942245416,Casual,Average,5.0,M,Spring,o-neck,thressqatar,,spandex,,,,0,2025-12-08
900108476,Casual,Low,5.0,free,winter,o-neck,full,natural,wool,,applique,solid,0,2025-02-20
1019672746,vintage,Average,4.5,L,winter,o-neck,short,empire,,,sequined,patchwork,1,2025-06-02
783980024,Casual,Average,4.5,free,Summer,o-neck,short,natural,polyster,,,solid,0,2025-07-05
970655043,bohemian,Low,4.4,L,Summer,bowneck,short,natural,cotton,,,dot,0,2025-03-04
1139064593,Casual,high,0.0,L,winter,v-neck,thressqatar,natural,polyster,,ruffles,solid,1,2025-07-09
939389270,Casual,Average,4.8,free,winter,o-neck,sleevless,,polyster,,sashes,solid,0,2025-05-05
859321875,Brief,Low,4.7,M,Winter,o-neck,full,natural,cotton,,,patchwork,0,2025-05-30
703395323,Casual,Medium,0.0,free,Winter,bowneck,full,,cashmere,knitted,,solid,1,2025-11-10
1083779666,Casual,Average,4.7,M,Winter,o-neck,short,empire,polyster,shiffon,,animal,0,2025-02-27
966030991,party,Average,0.0,M,Summer,o-neck,full,natural,cotton,,,patchwork,1,2025-12-08
866405822,bohemian,Average,4.8,S,Summer,v-neck,short,natural,cotton,,,solid,0,2025-11-01
941564304,Sexy,Average,4.9,free,Summer,sqare-collor,sleevless,natural,polyster,,sashes,print,0,2025-06-29
1119360745,Casual,Average,3.0,M,Spring,turndowncollor,short,empire,polyster,,sashes,patchwork,0,2025-06-19
932375745,Casual,low,4.7,L,Automn,o-neck,short,natural,polyster,shiffon,,patchwork,1,2025-11-22
789373177,Casual,Average,4.3,M,Automn,o-neck,sleevless,natural,polyster,,plain,solid,0,2025-09-28
1135456589,Casual,Average,0.0,XL,Winter,v-neck,short,empire,polyster,shiffon,pockets,solid,1,2025-02-23
932913675,Casual,Low,5.0,free,Summer,o-neck,sleevless,natural,model,jersey,plain,solid,1,2025-04-11
1217548862,vintage,Average,0.0,L,Summer,sqare-collor,short,empire,cotton,chiffon,,dot,1,2025-09-21
755078866,Casual,Low,4.7,free,winter,o-neck,sleevless,natural,milksilk,,,animal,0,2025-02-22
1052420390,vintage,Average,5.0,M,Summer,v-neck,thressqatar,natural,polyster,,,print,0,2025-03-01
924108301,Casual,Low,4.7,L,Summer,o-neck,full,natural,mix,worsted,lace,patchwork,1,2025-04-18
675980168,bohemian,Average,4.6,M,Spring,o-neck,sleevless,natural,shiffon,shiffon,sashes,solid,0,2025-01-05
730603782,party,Average,4.8,M,Summer,o-neck,full,,cotton,,,solid,1,2025-04-13
934830377,bohemian,Low,4.6,free,Summer,v-neck,sleevless,natural,cotton,broadcloth,beading,solid,0,2025-07-15
689406468,party,very-high,4.6,free,Summer,o-neck,sleevless,empire,rayon,,hollowout,solid,0,2025-09-19
870994067,cute,Low,4.8,M,Spring,o-neck,short,natural,shiffon,shiffon,bow,dot,1,2025-12-31
1016250560,vintage,Average,0.0,M,Spring,o-neck,halfsleeve,empire,polyster,,lace,animal,0,2025-12-16
860334943,Casual,Medium,4.9,L,Winter,o-neck,short,natural,cotton,broadcloth,sashes,solid,0,2025-02-16
863336720,Casual,Average,4.2,free,Summer,o-neck,sleevless,natural,cotton,worsted,,striped,1,2025-12-21
835915937,Casual,Average,4.9,M,Summer,o-neck,short,dropped,cotton,,ruffles,patchwork,0,2025-11-07
944641715,bohemian,Low,5.0,XL,Spring,v-neck,thressqatar,natural,,shiffon,,print,1,2025-11-04
869395176,Casual,Average,4.7,M,Summer,o-neck,sleevless,,cotton,,,dot,0,2025-05-24
1097435333,Casual,Average,0.0,free,Summer,bowneck,halfsleeve,,cotton,,,,0,2025-09-26
1124120907,Casual,Average,0.0,free,Summer,o-neck,sleevless,natural,cotton,,lace,floral,0,2025-05-04
1130463523,Sexy,Medium,0.0,free,winter,o-neck,sleevless,natural,polyster,,sequined,solid,0,2025-04-16
560474456,Sexy,low,4.4,free,Automn,v-neck,sleevless,natural,cotton,worsted,lace,solid,0,2025-06-07
907669618,Sexy,Average,0.0,free,Spring,v-neck,full,natural,cotton,wollen,lace,solid,1,2025-05-27
710089916,Brief,Average,4.9,XL,Spring,slash-neck,full,natural,,,sashes,solid,0,2025-05-25
793162246,Casual,Average,4.7,XL,Summer,v-neck,halfsleeve,natural,,broadcloth,,print,1,2025-04-30
1065317917,Casual,Average,0.0,free,Automn,v-neck,full,natural,cotton,,lace,solid,0,2025-11-15
737461130,Casual,Average,4.8,M,Summer,v-neck,full,natural,,shiffon,,,0,2025-10-02
663993130,Casual,Medium,4.9,L,Spring,sqare-collor,sleevless,empire,,,,print,0,2025-04-02
933231033,party,Average,4.7,M,Spring,o-neck,halfsleeve,empire,,shiffon,,patchwork,0,2025-02-27
743417270,Sexy,low,4.4,free,Summer,bowneck,sleevless,natural,viscos,,bow,solid,0,2025-12-12
798898277,bohemian,Low,4.6,free,winter,o-neck,sleevless,empire,polyster,,,patchwork,1,2025-08-17
549401113,Casual,Low,4.6,free,Autumn,o-neck,full,natural,rayon,,lace,solid,1,2025-04-27
857189807,Sexy,Low,4.5,free,Summer,o-neck,sleevless,empire,cotton,,sashes,solid,1,2025-11-14
1055149353,Sexy,Low,0.0,free,winter,v-neck,,dropped,cotton,,lace,,1,2025-10-06
1199912555,Casual,Average,0.0,XL,Spring,bowneck,sleevless,natural,mix,,lace,solid,0,2025-05-07
1249825438,Sexy,Average,0.0,free,Autumn,o-neck,full,natural,polyster,sattin,hollowout,solid,0,2025-05-09
967191118,Sexy,Low,4.8,free,Spring,v-neck,sleevless,natural,,,,striped,1,2025-02-27
871620435,Brief,Low,4.7,free,Autumn,o-neck,sleevless,natural,,shiffon,sequined,solid,0,2025-05-02
865490824,Sexy,high,5.0,M,Summer,v-neck,sleevless,natural,mix,,,striped,0,2025-01-01
1079955163,Casual,Average,4.6,L,Summer,bowneck,full,dropped,cotton,,,patchwork,0,2025-08-27
600514129,cute,Medium,4.9,S,Summer,bowneck,sleevless,empire,,,bow,patchwork,1,2025-10-17
976975672,Novelty,Average,4.9,M,Autumn,o-neck,short,natural,polyster,chiffon,none,print,0,2025-04-06
720087997,Casual,Low,4.3,free,Spring,o-neck,full,,,chiffon,sashes,none,1,2025-05-06
699651184,Casual,Low,4.7,S,Autumn,o-neck,sleevless,natural,cotton,,,solid,0,2025-04-28
605122868,Casual,Average,4.8,L,Autumn,boat-neck,sleevless,natural,,,sashes,solid,0,2025-02-17
1000425584,cute,Average,4.5,L,winter,v-neck,sleevless,natural,polyster,jersey,sashes,solid,1,2025-03-30
549159213,Casual,Average,4.4,free,Summer,o-neck,capsleeves,natural,cotton,,,solid,0,2025-08-25
898316315,party,Average,0.0,M,Spring,o-neck,sleevless,,,chiffon,,solid,1,2025-09-29
1017484769,Sexy,Low,0.0,free,Summer,v-neck,sleevless,dropped,,,,,1,2025-07-08
733025646,Casual,Low,4.8,L,Summer,v-neck,thressqatar,natural,cotton,,,print,0,2025-07-11
909624960,work,Average,5.0,M,Summer,o-neck,sleveless,natural,,,,solid,1,2025-03-10
1086459983,Novelty,Average,5.0,free,Summer,o-neck,sleeveless,natural,,,,print,0,2025-10-05
593007494,Casual,Low,4.6,free,Spring,v-neck,sleevless,natural,silk,chiffon,draped,solid,0,2025-12-15
660179663,Casual,Average,4.5,M,Summer,o-neck,full,natural,cotton,,lace,solid,0,2025-09-04
1097157656,Casual,Average,4.5,L,Spring,boat-neck,thressqatar,natural,,dobby,lace,animal,1,2025-03-17
751776863,Casual,Average,4.5,free,Autumn,o-neck,halfsleeve,natural,cotton,chiffon,hollowout,solid,1,2025-06-03
1253973206,cute,Low,0.0,M,Summer,boat-neck,short,,,chiffon,sashes,,0,2025-05-24
828790972,party,Average,4.9,M,winter,o-neck,halfsleeve,,cotton,,lace,,1,2025-03-27
933413410,Casual,Average,4.8,M,Summer,o-neck,halfsleeve,,,,,,0,2025-07-04
550959163,Casual,Low,4.4,L,Summer,o-neck,sleevless,natural,cotton,chiffon,,solid,0,2025-10-12
933926000,Casual,Average,4.3,M,winter,slash-neck,sleeveless,natural,polyster,,sashes,solid,0,2025-08-08
953168456,cute,Average,4.7,L,Summer,o-neck,sleevless,natural,polyster,broadcloth,lace,solid,0,2025-03-10
1124754999,Sexy,Average,0.0,S,Summer,v-neck,sleevless,,,,,,1,2025-02-16
832949213,Casual,Low,4.4,free,Summer,o-neck,sleevless,,,,,animal,0,2025-04-04
801216472,cute,high,4.3,M,Spring,boat-neck,full,natural,polyster,terry,lace,solid,1,2025-08-26
929898500,work,Average,4.8,M,winter,turndowncollor,full,natural,,,,solid,0,2025-07-23
850490510,Casual,Average,4.6,M,Spring,o-neck,halfsleeve,natural,polyster,,lace,solid,0,2025-08-06
1099394392,Sexy,Low,0.0,free,Summer,v-neck,sleevless,empire,cotton,,,solid,0,2025-12-07
674885710,Casual,high,4.9,XL,winter,v-neck,full,empire,cotton,,sequined,solid,0,2025-02-08
1122991519,Sexy,Low,0.0,free,winter,o-neck,sleevless,natural,lycra,chiffon,hollowout,solid,0,2025-04-10
904781800,cute,Average,5.0,M,Autumn,v-neck,sleevless,natural,cotton,,,solid,0,2025-10-16
974438263,cute,Low,0.0,free,Spring,v-neck,sleevless,natural,silk,worsted,lace,patchwork,1,2025-09-11
875608094,Casual,Low,4.4,free,Summer,o-neck,full,natural,cotton,,pockets,solid,0,2025-08-10
1061890181,Casual,Average,0.0,L,Spring,o-neck,sleevless,natural,chiffonfabric,chiffon,sequined,solid,0,2025-12-23
1033144189,cute,Average,4.7,M,Spring,o-neck,full,natural,rayon,chiffon,beading,solid,1,2025-01-23
860406062,Casual,Average,4.6,M,winter,v-neck,halfsleeve,natural,silk,chiffon,sashes,solid,1,2025-09-07
692445545,Casual,Low,4.4,free,Summer,o-neck,full,natural,cotton,,,solid,1,2025-01-10
974775647,Casual,Low,5.0,M,Automn,o-neck,sleevless,empire,,chiffon,,print,1,2025-09-03
1109819647,Casual,Average,0.0,free,winter,o-neck,short,natural,polyster,chiffon,cascading,solid,0,2025-11-21
1223469038,Sexy,Average,0.0,free,winter,slash-neck,sleevless,natural,cotton,broadcloth,sequined,solid,1,2025-04-10
511503677,Casual,Low,4.4,M,Summer,o-neck,halfsleeve,empire,chiffonfabric,chiffon,bow,solid,0,2025-10-17
1190558632,cute,Average,0.0,L,Summer,o-neck,sleevless,empire,cotton,,lace,solid,1,2025-06-29
641665398,Casual,Low,4.8,free,winter,bowneck,full,natural,polyster,chiffon,bow,solid,0,2025-08-11
964917582,Casual,Average,5.0,L,Summer,o-neck,sleevless,natural,cotton,,,,1,2025-09-07
859922576,cute,Average,4.6,M,Spring,o-neck,halfsleeve,natural,acrylic,chiffon,,,0,2025-05-27
817353671,bohemian,Low,4.6,free,Summer,o-neck,sleevless,natural,cotton,chiffon,none,solid,1,2025-04-06
990559192,Brief,Average,4.7,M,winter,o-neck,halfsleeve,natural,acrylic,chiffon,,striped,0,2025-09-14
713391965,Casual,Low,4.7,M,Spring,o-neck,full,natural,polyster,,,solid,1,2025-11-21
722565148,Sexy,Low,4.3,free,Summer,o-neck,full,empire,cotton,,,,0,2025-01-04
532874347,Casual,Average,4.7,M,Summer,v-neck,full,empire,cotton,,lace,solid,1,2025-01-16
655464934,Casual,Average,4.6,L,winter,boat-neck,sleevless,empire,silk,broadcloth,applique,print,1,2025-10-07
919930954,Casual,Low,4.4,free,Summer,v-neck,short,empire,cotton,Corduroy,lace,solid,0,2025-12-02
